id	sentence
08vCWSixKguCxbN8Noel	സൂചികൊണ്ടെടുക്കേണ്ടത് തൂമ്പ കൊണ്ടെടുക്കരുത്.
0RUQfytlKJx3E0rM2hwM	ഓണം വരാനൊരു മൂലം വേണം.
0l1rvmmCWc8YPDoRU1DS	ഇല്ലംനിറ വല്ലം നിറ പെട്ടി നിറ പത്തായം നിറ.
1N4JVZwEYimlYUsRV6j7	തേനൊഴിച്ചു വളർത്തിയാലും കാഞ്ഞിരം കയ്ക്കും.
1VcEKd1i1cMVoagQGucH	അണ്ണാൻ കുഞ്ഞും തന്നാലായത്.
1iOh0HyHqHvssHEcZ3pk	കുംഭത്തിൽ മഴ പെയ്താൽ കുപ്പയിലും മാണിക്യം.
250PCDTBotWhRLUsBvou	മുളയിലറിയാം വിള.
2DZmq3g7aq2fV8eA0Rzw	ഐകമത്യം മഹാബലം.
2J9ZPxFLs33rAO6RNuTK	കുരുത്തക്കേടു് കുന്നിക്കുരുവോളം മതി.
2hkQEfpIiHauS7txxAH7	പാണ്ടൻ നായുടെ പല്ലിനു ശൗര്യം പണ്ടേപോല ഫലിയ്‌ക്കുന്നില്ല.
3AP3GfbDMTRYX3k2me9z	ക്ഷീരമുള്ളോരകിടിൻ ചുവട്ടിലും ചോരതന്നെ കൊതുകിന്നു കൌതുകം.
4Gp2fBe40QWF0avwbOYY	പൂച്ചയ്ക്കെന്ത് പൊന്നുരുക്കുന്നിടത്ത് കാര്യം?
4lfICTaD7sIhDnvDj2Cw	ചെമ്മീൻ തുള്ളിയാൽ മുട്ടോളം പിന്നെയും തുള്ളിയാൽ ചട്ടീല്.
4rIaKO0jatDBHYo7mxF6	പുര കത്തുമ്പോൾ വാഴവെട്ടുക.
4zAPfOf8fB8NNIfAmhHz	അത്താഴം മുടക്കാൻ നീർക്കോലി മതി.
53LE9U5cJYbDQx8lqKxo	ഓടുന്ന പട്ടിയ്ക്കു ഒരു മുഴം മുമ്പേ.
5FiRVyH58OhlpIak6NCX	അണ്ണാൻ മൂത്താലും മരം കേറ്റം മറക്കുമോ?
62diFe8JTsfzIvHuPvDK	ഇരിക്കേണ്ടവൻ ഇരിക്കേണ്ടിടത്തിരുന്നില്ലെങ്കിൽ അവിടെ പട്ടി കയറി ഇരിക്കും.
64X9NoKgt34aed0ojMbK	എല്ലാരും‌ തേങ്ങ ഉടയ്ക്കുമ്പോൾ ഞാനൊരു ചിരട്ടയെങ്കിലും ഉടയ്ക്കണ്ടേ?
6UbzLaqqWSExBW6IV71S	കൊക്കെത്ര കുളം കണ്ടതാ?
6gMZfsFUrRUEPZGORBYM	പഴുത്ത പ്ലാവില വീഴുമ്പോൾ പച്ച പ്ലാവില ചിരിക്കേണ്ട.
6warY02cRQVo7s8hBkOZ	തീയില്ലാതെ പുകയില്ല.
7dkrYurOslwMIrZ8Vyt4	ഉണ്ണിയെ കണ്ടാൽ അറിയാം ഊരിലെ പഞ്ഞം.
9IaggbAWAiecX7HfNPXZ	ശത്രുവിന്റെ ശത്രു മിത്രം.
9LTHRMzJGva8LKfew0xg	ഉപ്പോളം പോരുമോ ഉപ്പിലിട്ടത്?
9ryZPvZw8IEXin5MNAG0	ഉണ്ട ചോറിനു നന്ദി കാട്ടണം.
9vHDYPhSNXyGfWn7WFtL	വേണമെങ്കിൽ ചക്ക വേരിലും കായ്ക്കും.
AGsexxB6MbmehwH4KTIX	തലയിലെഴുത്ത് തലോടിയാൽ പോകുമോ?
Apxe5zswIYHjLGlqh7u2	ഒരുമയുണ്ടെങ്കിൽ ഉലക്കമേലും കിടക്കാം.
AvNhebK4dxSvkqjUSn1b	താഴ്ന്ന നിലത്തേ നീരോടൂ.
BiPTF8qKnbpPQuKAfykI	ഉള്ളതുകൊണ്ടു ഓണം പോലെ.
BlNdAJfLGlj1m4Mh65yz	നിത്യഭ്യാസി ആനയെ എടുക്കും.
BnW9pUgzzzR37CwwakQE	തീയിൽ കുരുത്തത് വെയിലത്തു വാടുമോ?
Bzuwd6H9Do89tYbQdvm9	ഉള്ളതു പറഞ്ഞാൽ ഉറിയും ചിരിക്കും.
C40L29CTWv9roVNYtuNe	പറച്ചിൽ നിർത്തി പയറ്റി നോക്കണം.
C6IffTB9j05IW13AfEPh	നടുക്കടലിലും നായ നക്കിയേ കുടിക്കൂ.
CfbNRQ7s3vsagHOqtjF9	കുന്നാണെങ്കിലും കുഴിച്ചാൽ കുഴിയും
Cs0z0n23s2QF8TLryULR	ആറ്റിൽ കളഞ്ഞാലും അളന്ന് കളയണം.
DPqYsxpzpMkDazuNN8y4	കാക്കയുടെ വിശപ്പും മാറും പശുവിന്റെ കടിയും മാറും.
DbSMDtFmnAj1jCMGYb8b	വിത്താഴം ചെന്നാൽ പത്തായം നിറയും.
DsjiwhtCLdVGtE4i1223	പട പേടിച്ച് പന്തളത്ത് പോയപ്പോൾ അവിടെ പന്തം കൊളുത്തി പട.
DwVp4uS32kptJ3nUG1iU	ആടറിയുമോ അങ്ങാടിവാണിഭം?
F1NGwliTE5CJMLBJXKO4	നവര വിതച്ചാൽ തുവര കായ്ക്കുമോ?
FDkMa3GiBvhgJiXSy0ID	സമ്പത്ത് കാലത്ത് തൈപത്ത് വച്ചാൽ ആപത്ത് കാലത്ത് കാ പത്തു തിന്നാം.
FcSWgUhCa6k19SkCwzQN	ചൂടുവെള്ളത്തിൽ വീണ പൂച്ചക്ക് പച്ചവെള്ളം കണ്ടാലും പേടി
FhN2aPI4l2JN34zX1LxD	അമ്മയ്ക്കു പ്രാണവേദന മകൾക്കു വീണവായന.
G1O0yAHJ5ZfxPmZzqdzv	അണ്ണാനെ മരം കയറ്റം പഠിപ്പിക്കണോ?
G9yBzDnhG6AUh9jHkArN	മുതലക്കുഞ്ഞിനെ നീന്തൽ പഠിപ്പിക്കേണ്ട.
Gdz3YnrdBR07Wy6NbbV0	നിറകുടം തുളുമ്പില്ല.
GkMZs7JzIe9WsTcMbg9r	ഗരുഡൻ ആകാശത്തിൽ പറക്കും ഈച്ച അങ്കണത്തിൽ പറക്കും
GxbJNvHRLg4CJpvX9c5i	വേലി ചാടുന്ന പശുവിനു കോലുകൊണ്ട് മരണം.
HLn3NYUvniBe3PfN21ZG	വിളഞ്ഞാൽ പിന്നെ വച്ചേക്കരുതു്‌.
HSMGGGgQ0cXjelviHaXn	കലത്തിനറിയാമോ കർപ്പൂരത്തിന്റെ ഗന്ധം?
Ho1CroUQvsJoG3Yqckhz	ഒന്നുകിൽ ആശാന്റെ നെഞ്ചത്ത് അല്ലെങ്കിൽ കളരിക്ക് പുറത്ത്.
HyHbgSZ1Ox5d0LNUKPZS	ചൊട്ടയിലെ ശീലം ചുടല വരെ.
I5PhkHIohcA8X7JyycsA	എന്റെ വീട് പാലക്കാട് ആണ്
ISP7n47VJ4pOiqKJclSx	ചുട്ട ചട്ടി അറിയുമോ അപ്പത്തിന്റെ സ്വാദു്?
IcbSAh45tBW3sGFYL6SG	അച്ഛൻ ആനപ്പുറത്ത് കയറിയാൽ മകന് തഴമ്പുണ്ടാകുമോ?
InF1lPYnS3bjic5q1ZVu	കക്ഷത്തിലുള്ളത് പോകാനും പാടില്ല ഉത്തരത്തിലേത് ഏടുക്കുകയും വേണം.
Ir8O0ZOX24LrFW5hiXfi	ആധിയോളം വലിയ വ്യാധിയില്ല.
J0ERaO9HsHoD9IgQSBJj	വേലി തന്നെ വിളവു തിന്നുക.
JG8rQcfJFZkAbsoEec1h	ഒന്നു ചീയുന്നത് മറ്റൊന്നിന് വളം.
Jkb5cI3cv8b7M9PMrAj8	ആന കൊടുത്താലും ആശ കൊടുക്കരുത്.
JtRcE3s0UaE4SQ2yDtF7	പാദം പാദം വച്ചാൽ കാതം കാതം പോകാം.
KG91xnt9mroVfkTCvriL	അക്കരെനിന്നാൽ ഇക്കരെപ്പച്ച ഇക്കരെ നിന്നാൽ അക്കരെപ്പച്ച.
KSRZCMDMkQtvSQdJ9IXM	മൺവെട്ടി തണുപ്പറിയുമോ?
KZzOTLufc3E5QUuiGeJs	ആളുകൂടിയാൽ പാമ്പ് ചാവില്ല.
KjUOv2Z0DPme2Z81V8un	പൂച്ചയ്ക്കാര് മണികെട്ടും?
MF1y4uDCUzxUPaKQJ2AN	ഓണം കഴിഞ്ഞാൽ ഓലപ്പുര ഓട്ടപ്പുര.
MFjB6tW3rvu7N5mGtrap	നിങ്ങൾ ഇതുവരെ പുറപ്പെട്ടില്ലേ?
MW9d1b4MtGYW0L0XjNGz	അങ്ങാടിയിൽ തോറ്റതിനമ്മയോട്.
MfJ8c0abHTDhB1yZAMOr	താനിരിക്കേണ്ടിടത്ത് താനിരുന്നില്ലെങ്കിൽ നായ ഇരിക്കും.
MiXM2zmODOYXe6TPYEK3	അരിയെറിഞ്ഞാൽ ആയിരം കാക്ക
N1TAb66joYAH7sUrjTzG	മുറിവൈദ്യം ആപത്ത്.
No8QCudp33CAVxMpuvzc	അത്തം വെളുത്താൽ ഓണം കറുക്കും.
O6FzfKedUv6M1Vx67P7u	മോങ്ങാനിരുന്ന പട്ടിയുടെ തലയിൽ തേങ്ങ വീണു.
OPv4Whf9qlsw3YpFutkE	വരമ്പു ചാരി നട്ടാൽ ചുവരു ചാരിയുണ്ണാം.
OX4fKnJZsUVl0V0KfjbT	വെടിക്കെട്ടുകാരന്റെ പട്ടിയെ ഉടുക്ക് കൊട്ടി പേടിപ്പിക്കരുത്.
OZ1wBj2ulYvvvvrsaE1v	പാലം കടക്കുവോളം നാരായണ  പാലം കടന്നാലൊ കൂരായണ.
PWsWqZ0gddLVaaf7T2BM	അത്തം പത്തോണം.
PednBSrcuazfWztjlbZl	മൂത്തോരുടെ വാക്കും മുതുനെല്ലിക്കയും ആദ്യം കയ്ക്കും പിന്നെ മധുരിക്കും.
PhhrXdFvUYlBKeEaLFnF	പയ്യെത്തിന്നാൽ പനയും തിന്നാം
RFqpUYuTBIasD8xxtXHD	ചന്ദനം ചാരിയാൽ ചന്ദനം മണക്കും ചാണകം ചാരിയാൽ ചാണകം മണക്കും.
Ri6tSqWXW2RgbByIxlfb	അരിയെറിഞ്ഞാൽ ആയിരം കാക്ക.
S83ObTaPAD6LhZOX4mvd	കാണം വിറ്റും ഓണമുണ്ണണം.
SCS0tpUJhZJnknB1SzK7	വാക്കു കൊണ്ടു വയറു നിറയുകയില്ല.
TNhZquEVUMS3PyCN2uoW	ഒരു വെടിക്കു രണ്ടു പക്ഷി.
Tb7M02VkVmmjPFnQqlQ5	ആന മെലിഞ്ഞാൽ തൊഴുത്തിൽ കെട്ടാമോ?
TwgolQqQnOjaiqOfES4g	മീനത്തിൽ മഴ പെയ്താൽ മീനിനും ഇരയില്ല.
UGclZ2Z8R0AqlhIX94Mg	പൊക്കാളി വിതച്ചാൽ ആരിയൻ കൊയ്യുമോ?
Uewx5orrWkLo3gJNX6Yp	മിന്നുന്നതെല്ലാം പൊന്നല്ല
V8UCpk5cw3MtdR4w5BCu	ഇടി വെട്ടിയവനെ പാമ്പു കടിച്ചു.
VVjciw5NphE1SYCrXDW6	പട്ടി കുരച്ചാൽ പടിപ്പുര തുറക്കുമോ?
Vv5uRDULKIVncoUM1qX9	മെല്ലെത്തിന്നാൽ മുള്ളും തിന്നാം.
WlaSwVZONhbzN1tzsInV	പെട്ടാൽ പിന്നെ പെടയ്ക്കാനല്ലേ പറ്റൂ.
XAj5k3QzxFskj7f7RR8w	വിളഞ്ഞ കണ്ടത്തിൽ വെള്ളം തിരിക്കണ്ട.
XbM0SyqeKK88BuNeKsOC	പണത്തിനു മീതെ പരുന്തും പറക്കില്ല
XiKQdxmTMbVC76g7z3sr	എലിയെ പേടിച്ച് ഇല്ലം ചുട്ടു.
Y7ydtxvpA7ooatWN3J4z	പഴഞ്ചൊല്ലിൽ പതിരില്ല.
YDKGf6OH3Mz9SsmFJkYb	അട്ടയെപ്പിടിച്ചു മെത്തയിൽ കിടത്തിയ പോലെ.
ZAmedAnZiEiQAEBpd7ZA	ഉണ്ടെങ്കിലോണം പോലെ അല്ലെങ്കിലേകാദശി.
ZK6koiqz2se0fhqwtAIP	ഉള്ളം കൈയ്യിൽ നിന്ന് രോമം പറിക്കാമോ?
ZPOAOb6nFbBS3cajBlUV	അരമന രഹസ്യം അങ്ങാടി പാട്ട്.
ZmUeMtXetkKwxKdXgQaf	മണ്ണു വിറ്റു പൊന്നു വാങ്ങരുതു്‌.
aGR3mpjRsVrjv4juUihO	ക്ഷീരം കൊണ്ടു നനച്ചാലും വേപ്പിന്റെ കയ്പു വിടുമോ?
aiKUvCB0mTIlKCfku8Wp	വിളയുന്ന വിത്തു മുളയിലറിയാം.
aoHz4cfA70SuAGHrQkvT	കറിയുടെ സ്വാദു്‌ തവിയറിയില്ല.
bVaubPW8dHlPcYBiCeki	ആശാനക്ഷരമൊന്നു പിഴച്ചാൽ അമ്പത്തൊന്നു പിഴക്കും ശിഷ്യന്.
bdSCur62NjdPXd5Qrwfg	കൊക്കിലൊതുങ്ങുന്നതേ കൊത്താവൂ.
c3RZhnNeJPLSGQkONGeS	തെളിച്ച വഴിയെ നടന്നിലെങ്കിൽ നടന്ന വഴിയെ തെളിക്കുക.
cApdQiDvU1ATUJnb8o6a	ഇന്ന് നല്ല മഴയാണ്.
czF4N0xY7w8Bqj5ub5nT	എലിയെ പേടിച്ച് ഇല്ലം ചുടുക.
dHKuzDDErbVA5FLM5vsd	അരിമണിയൊന്ന് കൊറിക്കനില്ല കരിവളയിട്ട്‌ കിലുക്കാൻ മോഹം.
dYV1iWSxeHzOfWdVHLtT	വേരിനു വളം വയ്ക്കാതെ തലയ്ക്കു വളം വച്ചിട്ടെന്തു കാര്യം?
eRBPHg3VacjjQeLRN1vB	മുൻവിള പൊൻവിള.
egukYzGQgoVf1imX0EiU	ചാണകക്കുഴിയും പെരുങ്കടലും തുല്യമോ?
exvngTiqEXVxgXOLtHAR	മിണ്ടാപ്പൂച്ച കലമുടക്കും.
fYx6TfSriKv21fccGNrR	വല്ലഭനു പുല്ലും ആയുധം.
fe5D9gPlRWl2UWasyvvO	കാഞ്ഞിരക്കുരു പാലിലിട്ടാലും കയ്പു തീരില്ല.
g2kdtZ6thnCoze6JdsTU	കണ്ടറിയാത്തവൻ കൊണ്ടറിയും.
gBbBlMcFWWP37LXZNkTk	ഇരുന്നീട്ട് വേണം കാൽ നീട്ടാൻ.
gfRsenZ0lCZPMRG1mgz0	വർഷം പോലെ കൃഷി.
gznYupsO4a7TLe58lFxh	കാക്കയ്ക്കും തൻകുഞ്ഞ് പൊൻകുഞ്ഞ്.
hA3gzvlwaxUFblDOMazw	പലതുള്ളിപ്പെരുവെള്ളം.
hL7qhjx7H1MFWHK9GWSb	കള്ളൻ കപ്പലിൽ തന്നെ.
hUx3ouYA2528evbbpadw	വാക്കു കൊണ്ടു കോട്ട കെട്ടുക.
hZibjDIgpuYW7BaZHeIl	കാലത്തേ വിതച്ചാൽ നേരത്തേ കൊയ്യാം.
heRFFMaE3SWQeQVxnUaS	ആടറിയുമോ അങ്ങാടി വാണിഭം?
hyJjTUBEuQuWEuGH76Bu	പൊൻമുട്ടയിടുന്ന താറാവിനെ കൊല്ലരുത്.
j2Ui0kgqK7AwEpQBXelJ	വിശപ്പിനു രുചിയില്ല.
jiwR0OHIfpkFPbDAV7Mb	കടം അപകടം സ്നേഹത്തിനു വികടം.
jkuQWavi9Chl9yBf21RZ	മത്ത കുത്തിയാൽ കുമ്പളം മുളക്കില്ല.
k4W9psYi7qvsi3TQo4Zl	ഉണ്ട ചോറിൽ കല്ലിടരുതു.
kV4GEzKjcgljBEwV5ueb	നിങ്ങളുടെ പേരെന്താണ്?
lMB6u7QuLjFnOS9KY3w8	ഓന്തിനു വേലി സാക്ഷി വേലിക്കു്‌ ഓന്തു സാക്ഷി.
lR8JZUbVNMT7EySdXp8M	ഉള്ളതു പറഞ്ഞാൽ കള്ളനു തുള്ളൽ.
lf2ALHOb2rQn7XZMEtOY	കുറുക്കൻ ചത്താലും കണ്ണ് കോഴിക്കൂട്ടില്.
ltBUFY11jEL25gn0x1DX	അച്ചിക്ക്‌ ഇഞ്ചി പക്ഷം നായർക്ക്‌ കൊഞ്ച്‌ പക്ഷം.
mJX9UZpxcYqVuUs8RR8g	പാലം കുലുങ്ങിയാലും കേളൻ കുലുങ്ങില്ല.
mNfUqlwBDM2Z5PRZzHIN	വേണമെങ്കിൽ ചക്ക വേരിലും കായ്ക്കും
mPCAUiUb7lLC15g0pY79	ഓണത്തിനടയ്ക്കാണോ പുട്ടു കച്ചോടം?
mhIEmUyBs2ifB6tjzHM6	ആന വായിൽ അമ്പഴങ്ങ.
mjEqOWTntz1H5NP0WuzY	മുല്ലപൂമ്പൊടിയേറ്റു കിടക്കും കല്ലിനുമുണ്ടാമൊരു സൌരഭ്യം.
mjNoB9ZFRhwdfKUb9cPu	വെട്ടാൻ വരുന്ന പോത്തിനോട് വേദമോതാൻ നിൽക്കരുത്.
mmujzi8AdOyGyLt95lNH	അടുപ്പെത്ര ചെറുതായാലും കല്ല് മൂന്നെണ്ണം വേണം.
mpbiloGqLHf2F9Zk3sSf	ചങ്ങാതി നന്നെങ്കിൽ കണ്ണാടി വേണ്ട.
n1QYN9PNtqFACgGPV8KI	പട്ടിക്കു രോമം കിളിർത്തിട്ട് അമ്പട്ടനെന്ത് കാര്യം?
nxANxVQdRPaVh8nSDfBe	വിത്തുഗുണം പത്തുഗുണം.
oPV4qhs8Zswtrqz566EE	വെട്ടിൽ വീഴ്ത്തിയാൽ വൻമരവും വീഴും.
oRT4jT7Xp6aAGuayZbRj	പട്ടിയുടെ വാല് കുഴലിലിട്ടാൽ പന്തീരാണ്ട് കഴിഞ്ഞാലും നിവരില്ല
og6e2l3KveiSD9yRKqkV	കരയുന്ന കുഞ്ഞിനേ പാലുള്ളൂ.
otzGxDQTzhM5kNtr7Tit	കുളിപ്പിച്ചാലും പന്നി ചേറ്റിൽ.
ouNgsa4oyPyt7JmI7bU3	വന്ന വഴി മറക്കരുത്.
pRGa3kdMZCFcEH4pfaGK	ചട്ടുവമറിയുമോ കറിയുടെ രസം?
q7PkCKRUgV2rV3N1Khdp	അരിയും തിന്നു ആശാരിച്ചിയേം കടിച്ചിട്ട്‌ പിന്നേം നായക്ക്‌ മുറുമുറുപ്പ്
qI8rOG0PwQkxu10tFj10	അളക്കുന്ന നാഴിക്കു്‌ അരിവില അറിയാമോ?
rR3oIrskHutUpE5YiwA9	കുരക്കുന്ന പട്ടി കടിക്കില്ല.
rRKWjXZu1vlzFi0uqngC	പൊന്നു കായ്ക്കുന്ന മരമായാലും പുരയ്ക്കു ചാഞ്ഞാൽ മുറിയ്ക്കണം.
sYewFzDMi2vy9XZcDMWj	പൂട്ടുന്ന കാളയെന്തിനു വിതയ്ക്കുന്ന വിത്തറിയുന്നു?
snuK0Lwxwci2dcy8NnMN	ആഴത്തിൽ ഉഴുതു അകലെ നടണം.
tQoJUX0JnMgsAnVOKfZw	ആലിൻപഴം പഴുത്തപ്പോൾ കാക്കയ്ക്ക് വായപ്പുണ്ണ്.
tojnreyKTydpTYH8JNHp	ഇഷ്ടം മുറിക്കാൻ അർത്ഥം മഴു
uQio1U3lPeGTj3vicnd8	കാന്താരിമുളകെന്തിനാ അധികം?
uXLRgb8msRNhQRpU1QOm	ആന വാ പൊളിക്കുന്നത് കണ്ടിട്ട് അണ്ണാൻ വാ പൊളിച്ചാൽ കാര്യമില്ല.
uakL6TDBM3WBbXqLTawG	അങ്ങാടിപ്പയ്യ് ആലയിൽ നിൽക്കില്ല.
vIqKy7x5DUyKR1AGRvjP	നീർക്കോലിക്ക് നീന്തൽ പഠിപ്പിക്കണ്ട.
vWGTl5JdYesvOmwd3avR	ആടു കിടന്നിടത്ത് പൂട പോലുമില്ല.
vr9hLmup2UFMjoMZvecC	തന്നോളം പോന്നാൽ മകനേയും താനെന്നു വിളിക്കണം
vu0CbtXQ0t6dPFBR18Eh	അകത്തുള്ളത് മുഖത്ത് വിളങ്ങും.
wDqAppG2JEQ9YZySCdBf	വിദ്യാധനം സർവ്വധനാൽ പ്രധാനം.
wpsSeqKDWCwqfliPrMJP	കാട്ടിലെ തടി തേവരുടെ ആന വലിയെടാ വലി.
x2XPjNr1j8dy93R4DSZp	ആകെ മുങ്ങിയാൽ കുളിരില്ല.
xGIkDQ5ALFjD3yTm9e9U	ചങ്ങലയ്ക്കു ഭ്രാന്തു പിടിച്ചാലോ?
xeakXYyefDVUBROcZ2KT	ഗതികെട്ടാൽ പുലി പുല്ലും തിന്നും.
xrVoGC60CEjcGric5Hwl	തേടിയ വള്ളി കാലിൽ ചുറ്റി.
yC0skBbXQgIYgNLJG6vG	കുന്തം പോയാൽ കുടത്തിലും തപ്പണം
yNtVJPxUvTPufzhN5uql	അടിതെറ്റിയാൽ ആനയും വീഴും.
yPPR83LPmjdJD7sE5GRc	കാക്ക കുളിച്ചാൽ കൊക്കാകുമോ?
ykUGGT2O7AxmaUoGDuQ6	പുകഞ്ഞ കൊള്ളി പുറത്ത്.
yqzQphupsXcrpdJEt6mF	താൻ പാതി ദൈവം പാതി.
zds38MUbRaXijnANQPmH	ആളു ചെറുതു കോളു വലുതു.
